{
  "aurc": 0.114286,
  "coverage": [
    0.2,
    0.4,
    0.6,
    0.8,
    1.0
  ],
  "kind": "coverage_risk",
  "selective_risk": [
    0.142857,
    0.142857,
    0.142857,
    0.142857,
    0.142857
  ]
}
